<Ui>
	<Script file="Ace3.lua"/>
	<Script file="acb_Castbar.lua"/>
	<Script file="AchieveIt.lua"/>
	<Script file="ACP.lua"/>
	<Script file="AllTheThings.lua"/>
	<Script file="Altoholic.lua"/>
	<Script file="Analyst.lua"/>
	<Script file="AppearanceTooltip.lua"/>
	<!--Script file="Archy.lua"/-->
	<Script file="ArgusEliteTracker.lua"/>
	<Script file="ArkInventory.lua"/>
	<Script file="Atlas.lua"/>
	<Script file="AtlasLoot.lua"/>
	<Script file="Auctioneer.lua"/>
	<Script file="AuctionLite.lua"/>
	<Script file="AutoBar.lua"/>
	<Script file="AutoEquipQuestItem.lua"/>
	<Script file="AzerothAutoPilot.lua"/>
	<Script file="Baggins.lua"/>
	<Script file="BagSync.lua"/>
	<Script file="Bartender4.lua"/>
	<Script file="BattlePetBreedID.lua"/>
	<Script file="BGDefender.lua"/>
	<Script file="BigWigs.lua"/>
	<Script file="BtWLoadouts.lua"/>
	<Script file="BtWQuests.lua"/>
	<Script file="BugSack.lua"/>
	<Script file="BuyEmAll.lua"/>
	<Script file="Capping.lua"/>
	<Script file="ChocolateBar.lua"/>
	<Script file="ClassicGuildFrame.lua"/>
	<Script file="ClassicQuestLog.lua"/>
	<Script file="ClassOrderHallsComplete.lua"/>
	<Script file="Clique.lua"/>
	<Script file="CollectionShop.lua"/>
	<Script file="ColorPickerPlus.lua"/>
	<Script file="Coolline.lua"/>
	<Script file="Cork.lua"/>
	<Script file="Critline.lua"/>
	<Script file="DBM.lua"/>
	<Script file="DejaCharacterStats.lua"/>
	<Script file="Details.lua"/>
	<Script file="Dominos.lua"/>
	<Script file="Dresser.lua"/>
	<Script file="DressUp.lua"/>
	<Script file="EasyMail.lua"/>
	<Script file="Easy_Obliterate.lua"/>
	<Script file="EavesDrop.lua"/>
	<Script file="EnchantCheck.lua"/>
	<Script file="EnergyWatch.lua"/>
	<Script file="EssenceSetManager.lua"/>
	<Script file="Examiner.lua"/>
	<Script file="ExtraQuestButton.lua"/>
	<Script file="ExtVendor.lua"/>
	<Script file="FlightMapEnhanced.lua"/>
	<Script file="FlyoutButtonCustom.lua"/>
	<Script file="FlyPlateBuffs.lua"/>
	<Script file="GlobalIgnoreList.lua"/>
	<Script file="GryphonHeartItems.lua"/>
	<Script file="Guild_Roster_Manager.lua"/>
	<Script file="GupPet.lua"/>
	<Script file="Hack.lua"/>
	<Script file="Healium.lua"/>
	<Script file="Hekili.lua"/>
	<Script file="Immersion.lua"/>
	<Script file="InboxMailBag.lua"/>
	<Script file="Incoming.lua"/>
	<Script file="InspectEquip.lua"/>
	<Script file="InstanceProfits.lua"/>
	<Script file="InvenMount.lua"/>
	<Script file="KarniCrap.lua"/>
	<Script file="Keyed.lua"/>
	<Script file="Libraries.lua"/>
	<Script file="Lightheaded.lua"/>
	<Script file="LinkWrangler.lua"/>
	<Script file="LuckyCharms2.lua"/>
	<Script file="Ludwig.lua"/>
	<Script file="MageNuggets.lua"/>
	<Script file="MailCommander.lua"/>
	<Script file="MinimalArchaeology.lua"/>
	<Script file="ModelPique.lua"/>
	<Script file="MogIt.lua"/>
	<Script file="MoveAnything.lua"/>
	<Script file="MRT.lua"/>
	<Script file="MyRolePlay.lua"/>
	<Script file="MythicKeystoneStatus.lua"/>
	<Script file="NoNoGoGo.lua"/>
	<Script file="NugRunning.lua"/>
	<Script file="Numeration.lua"/>
	<Script file="Ogri'Lazy.lua"/>
	<Script file="Omen.lua"/>
	<Script file="OneClickEnchantScroll.lua"/>
	<Script file="oRA3.lua"/>
	<Script file="OrderHallCommander.lua"/>
	<Script file="Ovale.lua"/>
	<Script file="Overachiever.lua"/>
	<Script file="Pawn.lua"/>
	<Script file="PetBattleTeams.lua"/>
	<Script file="PetJournalEnhanced.lua"/>
	<Script file="PetTracker.lua"/>
	<Script file="Postal.lua"/>
	<Script file="PremadeGroupsFilter.lua"/>
	<Script file="Quartz.lua"/>
	<Script file="QuestCompletist.lua"/>
	<Script file="QuestGuru.lua"/>
	<Script file="QuestPointer.lua"/>
	<Script file="QuikEmotes.lua"/>
	<Script file="RaiderIO.lua"/>
	<Script file="Recount.lua"/>
	<Script file="Scrap.lua"/>
	<Script file="SearingPlasmaTracker.lua"/>
	<Script file="ServerHop.lua"/>
	<Script file="SexyCooldown.lua"/>
	<Script file="ShieldBars.lua"/>
	<Script file="SilverDragon.lua"/>
	<Script file="Simulationcraft.lua"/>
	<Script file="Skada.lua"/>
	<Script file="Skillet.lua"/>
	<Script file="Soundtrack.lua"/>
	<Script file="Spy.lua"/>
	<Script file="Storyline.lua"/>
	<Script file="Swatter.lua"/>
	<Script file="Talented.lua"/>
	<Script file="Talentless.lua"/>
	<Script file="TalentSetManager.lua"/>
	<Script file="tdBattlePetScript.lua"/>
	<Script file="TinyDPS.lua"/>
	<Script file="TinyInspect.lua"/>
	<Script file="TitanPanel.lua"/>
	<Script file="TomeOfTeleportation.lua"/>
	<Script file="TomTom.lua"/>
	<Script file="Tongues.lua"/>
	<Script file="TrainAll.lua"/>
	<Script file="Vendomatic.lua"/>
	<Script file="WardrobeSort.lua"/>
	<Script file="WhisperPop.lua"/>
	<Script file="Wholly.lua"/>
	<Script file="WorldBossStatus.lua"/>
	<Script file="WorldQuestTab.lua"/>
	<Script file="WowLua.lua"/>
	<Script file="WoWPro.lua"/>
	<Script file="xMerchant.lua"/>
	<Script file="XPBarNone.lua"/>
	<Script file="Zygor.lua"/>

	<Include file="Classic\Load_Skins.xml"/>
	<Include file="Retail\Load_Skins.xml"/>
</Ui>
