<Ui xmlns="http://www.blizzard.com/wow/ui/">
	<Script file="Auction.lua"/>
	<Script file="Bags.lua"/>
	<Script file="Channels.lua"/>
	<Script file="Character.lua"/>
	<Script file="Communities.lua"/>
	<Script file="DebugTools.lua"/>
	<Script file="EncounterJournal.lua"/>
	<Script file="Friends.lua"/>
	<Script file="Loot.lua"/>
	<Script file="Mail.lua"/>
	<Script file="Merchant.lua"/>
	<Script file="Options.lua"/>
	<Script file="Others.lua"/>
	<Script file="PetStable.lua"/>
	<Script file="PvE.lua"/>
	<Script file="PvP.lua"/>
	<Script file="Spellbook.lua"/>
	<Script file="Talents.lua"/>
	<Script file="Taxi.lua"/>
	<Script file="TimeManager.lua"/>
	<Script file="Trainer.lua"/>
	<Script file="WorldMap.lua"/>
</Ui>
